mode,model,display,factor_model,alpha_ann,alpha_daily,alpha_t,alpha_p,r2,r2_adj,nobs,beta_Mkt_RF,t_Mkt_RF,p_Mkt_RF,beta_SMB,t_SMB,p_SMB,beta_HML,t_HML,p_HML,beta_MOM,t_MOM,p_MOM,beta_RMW,t_RMW,p_RMW,beta_CMA,t_CMA,p_CMA
return,gpt-4o-2024-05-13,GPT-4o,CAPM,-0.09487256354905993,-0.0003954754751314855,-0.4523416892583913,0.6510228472033514,0.021163117305574075,0.01975876022853762,699,0.2962128890143979,2.806759413698742,0.005004260114454187,,,,,,,,,,,,,,,
return,gpt-4o-2024-05-13,GPT-4o,FF3,-0.08365920767725166,-0.0003466341127898176,-0.39648314023394227,0.691748643118306,0.037213829740256,0.033057918213954984,699,0.24125799268914705,2.3671105631907032,0.017927576259759746,-0.028084640003429976,-0.2576133223335316,0.7967053469379308,-0.34269195370788724,-2.4338911859954906,0.014937484865826852,,,,,,,,,
return,gpt-4o-2024-05-13,GPT-4o,Carhart4,-0.09388440457896885,-0.0003911472609759796,-0.44811903945773307,0.6540672879162066,0.040304100369909834,0.03477271189941933,699,0.229231318431387,2.1775289592069025,0.029441123528956975,0.02816541245896497,0.23649915966870855,0.8130453592753795,-0.29417973372160067,-2.0651098417331286,0.03891260842944689,0.14703037669023633,1.0063865648198331,0.31422965391539304,,,,,,
return,gpt-4o-2024-05-13,GPT-4o,FF5,-0.11137620097778267,-0.0004684668471665729,-0.5427334134939235,0.5873133649511156,0.05116550234203321,0.04431965459558318,699,0.24839192761619508,2.288380925677432,0.022115347457647573,0.0656698826871315,0.5288333574502774,0.5969210553582848,-0.32604862032212,-2.268374062424112,0.02330641728458093,,,,0.18006564055406574,0.8205429578221042,0.4119066506400494,-0.49028794120679847,-2.3160501912090456,0.020555528404877375
return,gpt-4o-2024-05-13,GPT-4o,FF6,-0.11511487511759066,-0.00048518957805342486,-0.5623260043181104,0.5738939240135914,0.05234763929721342,0.04413100033158235,699,0.2433134845344042,2.169605787810876,0.03003672255111742,0.10501082059957682,0.8876663470359192,0.3747202532841728,-0.30447861668277926,-2.0087887070156416,0.04455954639861593,0.09412726411722892,0.6771673746220327,0.4982997652064395,0.19575958252207196,0.9496527277467898,0.3422887370456619,-0.4527542178190771,-2.2079726427958777,0.02724618027025999
return,gpt-4o-mini-2024-07-18,GPT-4o mini,CAPM,-0.3571081582047596,-0.0017515546219635286,-3.1231926562952084,0.0017890060190362603,0.005152849936623127,0.0037255226051118306,699,-0.10987159510031347,-1.1233763978862739,0.26127766943370423,,,,,,,,,,,,,,,
return,gpt-4o-mini-2024-07-18,GPT-4o mini,FF3,-0.3651191135736841,-0.0018012245671057232,-3.229676360182705,0.0012393041987018947,0.013224855142438319,0.008965394085499234,699,-0.06556910933716151,-0.6141519544152318,0.539114918935562,-0.04831674226518379,-0.505217033370392,0.6134064079612539,0.20859263768168024,2.0890486068069034,0.03670334793211473,,,,,,,,,
return,gpt-4o-mini-2024-07-18,GPT-4o mini,Carhart4,-0.3492488006581701,-0.0017034201179487777,-3.0881122693441454,0.0020143235677159443,0.039627170615616825,0.03409188053270962,699,-0.03914405743901152,-0.4605993646266257,0.6450860675368548,-0.17190955967547858,-1.7782673136136211,0.07535996203276507,0.10200141359452736,1.0607181721614767,0.28881799897074856,-0.3230556720314489,-3.60173807343121,0.00031609676112752703,,,,,,
return,gpt-4o-mini-2024-07-18,GPT-4o mini,FF5,-0.36142205620654244,-0.0017782247707107798,-3.282349764855386,0.0010294582588100483,0.019760262529362138,0.012687825751074744,699,-0.036577899008760587,-0.34239049449389575,0.7320570409997952,0.04754137857643667,0.4343135064096697,0.6640607971889818,0.13324675378254203,1.2581769980709199,0.20832775170019147,,,,0.2693167214244255,2.019713346619595,0.043413129884209624,0.002299974455556266,0.012860507408670655,0.9897390825420335
return,gpt-4o-mini-2024-07-18,GPT-4o mini,FF6,-0.35193790895774113,-0.001719824038591379,-3.1682558121474,0.0015335651640211523,0.04527522159105846,0.036997261084622535,699,-0.01884247074596871,-0.21665688294072943,0.8284757522557655,-0.08984883549111924,-0.810209252414472,0.4178199206645731,0.057917908699024453,0.5723869261274246,0.5670598710772761,-0.3287203013675033,-3.7024024734922003,0.00021356746699222618,0.21450882509651104,1.5795374912937223,0.11421282411607897,-0.12877891091489485,-0.8143200692244525,0.41546161549119665
return,gpt-4.1-2025-04-14,GPT-4.1,CAPM,0.9524328924413903,0.0026585922179972574,2.199619791849005,0.02783388177011812,0.17294937344050576,0.17037289173782832,323,0.8170782380003089,4.836787747621306,1.3195419976946575e-06,,,,,,,,,,,,,,,
return,gpt-4.1-2025-04-14,GPT-4.1,FF3,1.0928187398623521,0.0029349009400692753,2.604098120561792,0.009211638077715781,0.23447171510179632,0.22727238953849038,323,0.6271442358332752,3.630466421959099,0.00028290950969463076,0.1233656576541212,0.584433257669623,0.5589288567126979,-0.8179223682536343,-3.5205339439362313,0.0004306788650625308,,,,,,,,,
return,gpt-4.1-2025-04-14,GPT-4.1,Carhart4,1.0026717257502686,0.002759682487824588,2.3959982030942952,0.016575171576357777,0.26506453788605555,0.2558200666644965,323,0.5978992516314642,4.767551764375021,1.8647809205080853e-06,0.3053933785637366,1.392261504737327,0.16384322402868967,-0.6890187400364474,-3.366194300302411,0.0007621300484069811,0.4579509987972979,2.5265045285852588,0.011520390314591407,,,,,,
return,gpt-4.1-2025-04-14,GPT-4.1,FF5,0.9344926776396583,0.0026218640658853837,2.287936560008396,0.022141215834929513,0.255533767309441,0.24379139770864355,323,0.5501500606038452,3.538529649212928,0.00040236209233857474,-0.059732240403663275,-0.25035598673043435,0.8023120634525549,-0.6256491247423862,-2.4333366384528574,0.014960384545360616,,,,-0.6257237511072385,-2.3698734054638306,0.017794176782948416,-0.20577279993151687,-0.6064440692076926,0.5442199121381461
return,gpt-4.1-2025-04-14,GPT-4.1,FF6,0.9217288922890954,0.002595526234071981,2.246075019406752,0.024699203116629646,0.2734607220099605,0.2596656724278711,323,0.5443775576572824,4.399222415079125,1.0863944023524168e-05,0.14080143539262518,0.5390440803593869,0.5898564391081111,-0.5881234786067103,-2.5646536024710986,0.01032788548351953,0.3890280913315207,1.873706334644078,0.060970912346888964,-0.4440501425770801,-1.5623861103696384,0.11819705718898404,0.021917472960184346,0.06428685271732971,0.9487418218118092
return,gpt-4.1-mini-2025-04-14,GPT-4.1 mini,CAPM,1.9853895542735391,0.004349631680499408,2.5484206166785777,0.010821191173231789,0.0066524135124297334,0.003557872744555768,323,0.21658157143191442,1.1850300639639966,0.23600556038045928,,,,,,,,,,,,,,,
return,gpt-4.1-mini-2025-04-14,GPT-4.1 mini,FF3,2.042065072785541,0.004424587427562837,2.6348126044951594,0.008418374583910818,0.014351854433275801,0.005082436136410129,323,0.16965742436302736,0.9318762654329439,0.35140047488571713,-0.1451178360898218,-0.6437755783961204,0.5197209723027255,-0.30332971204921017,-1.180575327874013,0.23777146958651585,,,,,,,,,
return,gpt-4.1-mini-2025-04-14,GPT-4.1 mini,Carhart4,1.9415231309405225,0.004290636946069239,2.561591296771899,0.010419385201071345,0.024139831880463314,0.01186486121229302,323,0.14730030577809172,0.9762435299739559,0.3289437964717825,-0.005961825129490339,-0.023595841339826354,0.9811749893591916,-0.20478584954639834,-0.8199154894339901,0.41226428600889264,0.35009301819240246,1.6487585583611133,0.09919710810456668,,,,,,
return,gpt-4.1-mini-2025-04-14,GPT-4.1 mini,FF5,1.5698099191131636,0.0037523874639218296,2.578633436732989,0.009919198181360285,0.09526528965069936,0.08099502608052123,323,0.08473152421346958,0.6406815060729993,0.5217296322160276,-0.3510710064688273,-1.2422051570539223,0.2141608774230881,0.08577637310970077,0.30792942057923833,0.7581360384138837,,,,-0.8841664628244633,-1.6954575617601884,0.08998865431485883,-1.5116048828000517,-3.8806248465034647,0.00010418844578874091
return,gpt-4.1-mini-2025-04-14,GPT-4.1 mini,FF6,1.5742479927897852,0.0037592604632148505,2.5712915298352765,0.010131999569610252,0.09593360834567966,0.07876779078262286,323,0.08623788999747097,0.6263505683328906,0.5310850247476793,-0.4034013509581009,-1.164058444390652,0.24440032770976095,0.07598385331638323,0.2771125898215472,0.7816936549646893,-0.10151897906695209,-0.407307343505608,0.6837822699264067,-0.9315751710189373,-1.659169946322812,0.09708155177991871,-1.5710218877991675,-3.3675019730972022,0.0007585248365382449
return,gemini-2.5-flash,Gemini 2.5 Flash,CAPM,1.1610091731466392,0.003062518538226,2.4350931174083,0.01488795786569183,0.10696414311658686,0.10464456946234435,387,0.7039958431883926,2.298666437089852,0.021523887779231612,,,,,,,,,,,,,,,
return,gemini-2.5-flash,Gemini 2.5 Flash,FF3,1.313841119977135,0.0033345511208356473,2.837823990565266,0.004542222225077343,0.16963025497940032,0.1631260533212756,387,0.5138298752114426,1.5664763614218309,0.11723713834868094,-0.019630759492167634,-0.11158105335267376,0.9111555954298307,-0.839036048282438,-3.615679153136551,0.0002995612176689699,,,,,,,,,
return,gemini-2.5-flash,Gemini 2.5 Flash,Carhart4,1.163098381910034,0.0030663648428309316,2.653821673083167,0.007958587399868688,0.22274959701632968,0.21461084934110808,387,0.45226948255827853,1.7212446526503289,0.08520643820303744,0.2278412415597116,1.1141366221645181,0.26522057967613055,-0.6597935859730082,-3.169925532096553,0.001524780099641108,0.6798064277058354,2.7367847623656063,0.006204287186772744,,,,,,
return,gemini-2.5-flash,Gemini 2.5 Flash,FF5,1.1954802710381984,0.003125512454320579,2.6944457954292265,0.007050579355857116,0.18389765288392357,0.17318764832859457,387,0.44529298586109406,1.3778917672024233,0.16823670717797157,-0.19340460620084596,-0.9300597528758098,0.35234014763580856,-0.6777947500894106,-2.8253302872678,0.004723190149582362,,,,-0.587560814985286,-1.6605581024921825,0.09680222952601185,-0.16824085189065036,-0.5357885531492904,0.5921046942354267
return,gemini-2.5-flash,Gemini 2.5 Flash,FF6,1.1272639198649723,0.002999874013707562,2.5952575190271645,0.009452007071346465,0.22613036650111185,0.2139113722879714,387,0.41259030874287445,1.589647737819006,0.1119142301373257,0.1289460318433579,0.5624104469057057,0.573836402932789,-0.5997233089093361,-2.7111512698377007,0.006705002951242184,0.6556656039020086,2.6616205579863936,0.007776548701815326,-0.28575994154956985,-0.8892109468477798,0.3738897207138159,0.12600956508837527,0.4318697229772786,0.6658361012269682
return,gemini-2.5-pro,Gemini 2.5 Pro,CAPM,0.917550404092738,0.0025868661324985765,2.0245520250204434,0.04291338473544453,0.270807354443923,0.26891334757234886,387,1.205211047782096,6.734759775808181,1.6420099174020114e-11,,,,,,,,,,,,,,,
return,gemini-2.5-pro,Gemini 2.5 Pro,FF3,1.0709233189443834,0.002893044082429512,2.4391839599128344,0.014720472465813431,0.3382091430392473,0.3330254026452989,387,0.9892033049321568,5.589564082586193,2.276403477840872e-08,-0.005194523436615147,-0.03298555073572409,0.9736861102144255,-0.9433165789485688,-4.576376240113714,4.730993717876694e-06,,,,,,,,,
return,gemini-2.5-pro,Gemini 2.5 Pro,Carhart4,0.9588087886822023,0.002671564378611302,2.266004979472391,0.02345107837115977,0.36950477088761824,0.36290272660371903,387,0.9383640985670855,7.245956122340141,4.2939911862450933e-13,0.19917844412935665,1.1539812504497464,0.2485078559315077,-0.7952904839547738,-4.049477266033205,5.1332163918539714e-05,0.561413236285821,3.313949599876165,0.00091988086583485,,,,,,
return,gemini-2.5-pro,Gemini 2.5 Pro,FF5,0.9225387296077379,0.002597202487808012,2.2240026158217003,0.026148268249382947,0.36944564376134414,0.36117065220965583,387,0.8553971873615414,4.805299509234416,1.5452001261651162e-06,-0.3096058216198603,-1.775321111462694,0.07584488148732468,-0.6981697934515128,-3.1470700616084066,0.001649154405446572,,,,-0.9881889053844518,-3.8414986414645367,0.00012228541308952046,0.16858147231130693,0.5973559374300818,0.5502697653410047
return,gemini-2.5-pro,Gemini 2.5 Pro,FF6,0.8760557218070106,0.0024998318925185583,2.136814914239775,0.032613048592953685,0.39135833818638355,0.3817482066840633,387,0.8300524033684407,6.185717500967723,6.182063172195168e-10,-0.0597820147879484,-0.3067450489743122,0.7590374375286602,-0.6376639270484025,-3.0562453029416026,0.0022412780815893817,0.5081450378673759,2.792199416686238,0.005235108154063754,-0.7542912975982143,-3.031617992751828,0.0024324683014740516,0.3966274280370012,1.5105979623026091,0.13089091346021273
return,gemini-3-flash-preview,Gemini 3 Flash,CAPM,3.114504029361079,0.005628951199029448,4.8298901443164945,1.366083984805263e-06,0.06546241469660896,0.06303504434517171,387,0.5522565656331175,1.9341930244890246,0.053089399723304904,,,,,,,,,,,,,,,
return,gemini-3-flash-preview,Gemini 3 Flash,FF3,3.446561546877679,0.0059387198941121795,5.830054627128411,5.540923395466916e-09,0.13796449194908766,0.1312122555935975,387,0.32222111247233465,1.1105661728568585,0.2667551300191834,0.09324057480425603,0.5172508927754363,0.6049810294568858,-0.9483487263105138,-3.839173898008586,0.00012344897438146653,,,,,,,,,
return,gemini-3-flash-preview,Gemini 3 Flash,Carhart4,3.130327689925064,0.005644268993070455,5.6409333700448485,1.6913080691207647e-08,0.20164662105350373,0.19328689980799074,387,0.2546318486961858,1.1881055361551782,0.23479183351065724,0.3649485616350885,1.6990008034963444,0.08931903222137014,-0.7515522871913795,-3.5414553657578702,0.0003979261769923456,0.7463827629853387,2.8720855353954,0.004077725800048964,,,,,,
return,gemini-3-flash-preview,Gemini 3 Flash,FF5,3.130083041783455,0.005644032611253832,5.479123403934319,4.274381795246189e-08,0.1663421384094701,0.15540174652508,387,0.23285260130732524,0.816297080556602,0.4143302437432068,-0.14021549482096737,-0.6637057814259945,0.506878638357547,-0.7243810697876455,-2.6821935506038423,0.007314112913785004,,,,-0.7974482036521757,-2.1466293916816475,0.03182279806606345,-0.31727132145438036,-0.9766163127217504,0.3287591400801043
return,gemini-3-flash-preview,Gemini 3 Flash,FF6,2.99996094630422,0.005516288352294066,5.388129009235877,7.119494221304105e-08,0.20976304769686194,0.19728562213418077,387,0.19960179658479532,0.911690329248413,0.361931756241862,0.1875380428800556,0.7462476989054974,0.4555177990149102,-0.6450010778774771,-2.711689340277358,0.00669412978252511,0.6666551756546928,2.5085444694170826,0.012122970788090959,-0.4905888639282997,-1.3685069429720673,0.17115345024056794,-0.0180889909337516,-0.06275148344021958,0.949964400284547
return,gemini-3-pro-preview,Gemini 3 Pro,CAPM,1.9500517451059172,0.004302175163870189,3.231517197817385,0.0012313491388243865,0.13224065768774418,0.12998673731810206,387,0.8106658715186186,2.805247951656327,0.005027788643091262,,,,,,,,,,,,,,,
return,gemini-3-pro-preview,Gemini 3 Pro,FF3,2.1670358144255206,0.004585067003075528,3.7071165888281854,0.0002096324492592853,0.1910714852264742,0.18473523054156415,387,0.6050750955106475,2.001749905196261,0.04531163612026794,0.04671161577213686,0.25238919552139033,0.8007402506155443,-0.8684194879391371,-3.5193118432861223,0.00043266781587357646,,,,,,,,,
return,gemini-3-pro-preview,Gemini 3 Pro,Carhart4,1.963339204037771,0.004320085502808932,3.573654037751093,0.0003520339913454864,0.239421196411283,0.23145702045747452,387,0.5442503384664035,2.2934569544042285,0.021821710871408575,0.2912263709661133,1.3209105684337263,0.1865311854600652,-0.6913189407836308,-3.1971702810570495,0.0013878297300197306,0.6716828632865728,2.86138806480871,0.004217904175581171,,,,,,
return,gemini-3-pro-preview,Gemini 3 Pro,FF5,1.9922611381979616,0.004358794789942703,3.5413936009290263,0.00039801934965248015,0.2087871604889312,0.19840378989167318,387,0.510947373978108,1.7102820987465592,0.0872137204174126,-0.17306747813361353,-0.859070621935862,0.3903015543249442,-0.6847027580793992,-2.6622015186578527,0.007763138622547018,,,,-0.7208584633991476,-2.408199067043358,0.016031436926982244,0.03819933154760546,0.12169637248234799,0.9031394862248119
return,gemini-3-pro-preview,Gemini 3 Pro,FF6,1.8986287383026976,0.00423209591029492,3.480592162469033,0.0005003066654479765,0.2488307181843411,0.23697015057672544,387,0.47796867309527585,2.033880084380427,0.041963687414281366,0.1520039291099003,0.6387998694004122,0.522953133257441,-0.6059723624955199,-2.6446276462524425,0.008178085480989097,0.6611996856428333,2.7415884827096866,0.006114289029816157,-0.41651026905303806,-1.4504432969324967,0.14693494065974405,0.3349333405438761,1.1720576501688202,0.2411739112153347
return,claude-haiku-4-5-20251001,Claude Haiku 4.5,CAPM,2.203546865908529,0.00463076277195703,4.30415267614989,1.6762604005398943e-05,0.12215268860049544,0.11873694030711213,259,0.5711586811012865,4.756631370642982,1.968501535921056e-06,,,,,,,,,,,,,,,
return,claude-haiku-4-5-20251001,Claude Haiku 4.5,FF3,2.3303568927023774,0.004785539185230133,4.742136569720617,2.114759784627197e-06,0.17379560756314738,0.16407555588741973,259,0.5020383358122558,5.176581030971448,2.2598892522211082e-07,-0.3781394842570169,-2.4204700383888405,0.015500456597164156,-0.4598326351965353,-2.1918852544291862,0.028387793066296154,,,,,,,,,
return,claude-haiku-4-5-20251001,Claude Haiku 4.5,Carhart4,2.2954288088660233,0.0047435018532600735,4.74685517367251,2.0660377392252786e-06,0.17668391325355814,0.16371830558825984,259,0.5036864600544139,4.767397657148656,1.8662073935938724e-06,-0.3185690119739384,-1.5915480394753962,0.11148629314311588,-0.41209488532404936,-2.2161530462718595,0.026681022324714164,0.122048150280509,0.6832795400216085,0.4944302201331974,,,,,,
return,claude-haiku-4-5-20251001,Claude Haiku 4.5,FF5,2.0327860538452676,0.004412411251550547,4.707573344952029,2.506830966451897e-06,0.2413718588334236,0.2263792078222263,259,0.5224637910846239,4.664387393693814,3.0953777473332307e-06,-0.3398260952557598,-2.022729906350588,0.04310100178292445,-0.1977591585946942,-1.226801357727199,0.2198972604098336,,,,-0.2790099561960761,-1.031553099518816,0.302281521033116,-1.0276052909920343,-3.473647803120775,0.0005134344934039594
return,claude-haiku-4-5-20251001,Claude Haiku 4.5,FF6,2.033148061363685,0.004412886982635861,4.694706984165211,2.669891505322665e-06,0.24423450501647526,0.2262400884692486,259,0.5175710725818644,4.937851164474412,7.898808786516177e-07,-0.4135174761708334,-2.0710877527684057,0.03835059616648093,-0.21951875883689506,-1.4463810508371555,0.14807035374400362,-0.1340863048881335,-0.7955635943357044,0.4262857339015881,-0.3388058213631894,-1.318078372239734,0.18747741368862947,-1.1045591942952255,-3.664446111764479,0.0002478744196948622
return,claude-sonnet-4-20250514,Claude Sonnet 4,CAPM,1.5341032440302045,0.003696656415963227,3.8367749420017536,0.00012466061707871643,0.08981816301701318,0.08745405434952502,387,0.5505803112171542,4.321152548954562,1.552163141947061e-05,,,,,,,,,,,,,,,
return,claude-sonnet-4-20250514,Claude Sonnet 4,FF3,1.649312774943485,0.0038737546041273446,4.225509943691596,2.384002968916111e-05,0.14681757159126807,0.14013468050712663,387,0.4525093781802803,3.066300492944788,0.002167253869182952,-0.23326560856231035,-1.6256506780860234,0.10402398787946739,-0.5597277493724232,-3.3740161711750116,0.0007408001568567928,,,,,,,,,
return,claude-sonnet-4-20250514,Claude Sonnet 4,Carhart4,1.5157277864412873,0.0036676703755024807,4.079258554506242,4.5179566216659736e-05,0.1898795404839284,0.18139660373506905,387,0.4052041016830656,3.916749981403044,8.975074368125178e-05,-0.043098994436979725,-0.27689588400707116,0.7818600531648543,-0.42199122960457414,-2.9657649914927555,0.0030193110946292352,0.5223883351165612,3.687313671587097,0.0002266339281172676,,,,,,
return,claude-sonnet-4-20250514,Claude Sonnet 4,FF5,1.490571352932799,0.0036276439637003208,4.225763261495314,2.3813224205938775e-05,0.19790745117173247,0.18738130223697835,387,0.43056965752615156,3.3130741181305035,0.0009227652252846312,-0.3445198156686645,-1.9653749151761757,0.04937086062095257,-0.39694568677905756,-2.0432172575461722,0.041030936124190204,,,,-0.44174000642087624,-1.9384945320954998,0.052562917272314005,-0.8471897834933915,-3.285010249361006,0.0010197866190392152
return,claude-sonnet-4-20250514,Claude Sonnet 4,FF6,1.4468073568045288,0.0035570416881426418,4.12428992247347,3.71880232848273e-05,0.21621651329276093,0.20384098455527822,387,0.41219245218905504,4.081269350466111,4.4790412071848963e-05,-0.16337550615334015,-0.759376756180493,0.4476272138542625,-0.3530735933616666,-2.0930279536606293,0.036346659270310985,0.3684500015647275,2.1206023619848877,0.03395527919980648,-0.27214359686719714,-1.0266935550528353,0.3045647850289561,-0.681836338153065,-2.621076927103,0.00876524807878695
return,claude-opus-4-20250514,Claude Opus 4,CAPM,1.432672173575014,0.0035339691335679914,3.090790787926273,0.0019962423269220464,0.18472163796882568,0.1826040318336799,387,0.8697258645799555,3.9790101338195725,6.920279156045479e-05,,,,,,,,,,,,,,,
return,claude-opus-4-20250514,Claude Opus 4,FF3,1.5215450182858463,0.0036768694148073817,3.3245996870213186,0.0008854557205717666,0.21232288492680307,0.20615309029176498,387,0.7860368644640356,3.1379293906456116,0.0017014585886042973,-0.14918385996180336,-0.7509171496706514,0.4527025185735072,-0.4492533257537501,-2.3659702905613362,0.017982887423379945,,,,,,,,,
return,claude-opus-4-20250514,Claude Opus 4,Carhart4,1.3611860738007486,0.003415199766819593,3.1528453158490692,0.0016168745977767148,0.26954201544700096,0.2618932407396398,387,0.7259723212838645,4.010410947497795,6.0613158713205634e-05,0.09227484509894089,0.40954051296646626,0.6821430421204131,-0.27436625708669293,-1.4681430318342286,0.14206537481800172,0.6632878831872802,3.563109429925655,0.0003664878123346614,,,,,,
return,claude-opus-4-20250514,Claude Opus 4,FF5,1.3620876689096488,0.0034167198903978717,3.2197683600358666,0.0012829421732410335,0.23784820263709006,0.2278462105457134,387,0.7113012042098903,3.007534919632322,0.0026337586403912465,-0.34867167347758055,-1.535779797636774,0.12459239615255709,-0.2534500423996244,-1.2660289781839118,0.2055027077055085,,,,-0.6862884250775622,-2.609899584999827,0.009056880338578856,-0.32603395913861677,-1.096955822368766,0.2726607044922874
return,claude-opus-4-20250514,Claude Opus 4,FF6,1.29616918575734,0.003304026313337624,3.122964194574247,0.0017903952744274805,0.2762947384242519,0.2648678132414769,387,0.6819679711172307,3.853680220024599,0.00011635554530882283,-0.05953368122280026,-0.2183788959652076,0.8271339073222421,-0.18342250998273954,-0.9129587463730291,0.3612642387142653,0.5881106283920193,2.7162143236673293,0.0066033155526208625,-0.4155829003874699,-1.5319750172972266,0.12552859982536865,-0.06210094724310289,-0.1850386518192933,0.8531987192461165
sharpe,gpt-4o-2024-05-13,GPT-4o,CAPM,-0.522873634656587,-0.0029320973715174954,-3.344753559636804,0.0008235571208301775,0.0038719277844624367,0.0024427626880269004,699,0.13036054769640343,0.7957070307516183,0.4262023393720551,,,,,,,,,,,,,,,
sharpe,gpt-4o-2024-05-13,GPT-4o,FF3,-0.5251839547012009,-0.002951302283940416,-3.384303579234444,0.0007135905592034752,0.004188791287287219,-0.0001096743618322904,699,0.14207283889062922,0.8770616544593391,0.380453150893578,-0.05463163148281325,-0.48836937408881675,0.6252882306594123,0.015225750905195701,0.10323905269758643,0.9177732459181818,,,,,,,,,
sharpe,gpt-4o-2024-05-13,GPT-4o,Carhart4,-0.5123931260317116,-0.0028461237705824875,-3.3413857313747894,0.0008336132218015536,0.020486896202262517,0.014841287534840264,699,0.17049023398881055,1.2295879595191221,0.2188514410967548,-0.18754285289432443,-1.4524280889899732,0.1463826107809461,-0.09940202506127044,-0.7076446730767806,0.47916594343874086,-0.347412777322446,-2.134829241860782,0.03277496077849395,,,,,,
sharpe,gpt-4o-2024-05-13,GPT-4o,FF5,-0.5030631262336436,-0.0027711226787632123,-3.3109882251866356,0.0009296712040675945,0.025349699801969106,0.018317590853931365,699,0.19865757181946692,1.3320540108873542,0.1828424409867737,0.05800585798188091,0.4374420500171507,0.6617907940974861,-0.16916899604557217,-1.0854611790557835,0.2777174486512465,,,,0.40489641358540335,1.7547607069667466,0.07930024724335388,0.5253600090019988,2.1266393181496257,0.033450062998768
sharpe,gpt-4o-2024-05-13,GPT-4o,FF6,-0.49708331572792586,-0.0027237867599083404,-3.286792303196817,0.0010133554382206398,0.03429712706199972,0.025923980764849475,699,0.21303278190051753,1.5969920955147892,0.11026746920864307,-0.05335391078362093,-0.3872474196075632,0.6985730476073528,-0.2302257665499693,-1.4481713829887848,0.14756912578243264,-0.26643976790669843,-1.708264976854448,0.08758718677537554,0.36047261889942195,1.5776462420140385,0.11464690271152796,0.41911580184386965,1.73233392591634,0.08321412486395104
sharpe,gpt-4o-mini-2024-07-18,GPT-4o mini,CAPM,-0.3633805336740069,-0.0017903921023661403,-3.19384264371571,0.0014039261992542056,0.0008817567482369837,-0.0005516984070741415,699,0.04496623392049375,0.42580498394429184,0.670249954967358,,,,,,,,,,,,,,,
sharpe,gpt-4o-mini-2024-07-18,GPT-4o mini,FF3,-0.3693854510596307,-0.0018279322952534044,-3.287495107717984,0.0010108294540221534,0.002471104763483001,-0.0018347753598400018,699,0.0717751810659442,0.6753824546141857,0.49943280974996274,-0.08081080286438605,-0.9372195862412723,0.3486456168329315,0.07704161630049378,0.7528364273778223,0.4515482138991389,,,,,,,,,
sharpe,gpt-4o-mini-2024-07-18,GPT-4o mini,Carhart4,-0.3514230749179329,-0.001716678240987697,-3.084895250443805,0.0020362385384090622,0.03737353046007452,0.031825251096731955,699,0.10183408107705438,1.246690398283739,0.2125110408249935,-0.2213995197738699,-2.5206366726999123,0.011714273655075682,-0.04420752861119006,-0.4599156456122612,0.6455767696168913,-0.36748075958538146,-3.430071783358486,0.0006034215897060641,,,,,,
sharpe,gpt-4o-mini-2024-07-18,GPT-4o mini,FF5,-0.3537718878342734,-0.0017310504877980125,-3.129037003034893,0.001753802210567507,0.01443731601659115,0.007326474140809003,699,0.10320743626906786,1.05063491015394,0.29342630104051304,-0.016477258674962126,-0.16930818901647024,0.8655542350675316,-0.024503026686632158,-0.23247000782545782,0.8161729794607521,,,,0.2277776111278338,1.8098813163088083,0.0703141941114874,0.2794882939707619,1.455423569279495,0.1455520353366296
sharpe,gpt-4o-mini-2024-07-18,GPT-4o mini,FF6,-0.34394103902121576,-0.0016712392810038787,-3.015117815829265,0.00256879451371129,0.04177882933722221,0.03347055329101323,699,0.12137120458003836,1.5456963573705786,0.12217791740318557,-0.15718567459482063,-1.617989038561581,0.10566495997331092,-0.10165118848775093,-1.0166136977056854,0.3093372353970224,-0.3366594425959371,-3.3124365603272348,0.0009248709923286311,0.17164601307669008,1.4633052252870806,0.14338387858250237,0.1452436358181236,0.8481321293680609,0.3963643900789853
sharpe,gpt-4.1-2025-04-14,GPT-4.1,CAPM,1.231814914235629,0.0031908542471848268,2.4021358122914083,0.01629965565392398,0.010673222167663643,0.007591207283450863,323,0.19670493496666777,1.537604449567362,0.12414535885998482,,,,,,,,,,,,,,,
sharpe,gpt-4.1-2025-04-14,GPT-4.1,FF3,1.2351550428639588,0.003196807640135232,2.453293100661738,0.01415549454065751,0.019672113627604015,0.010452729116264936,323,0.19875533250036234,1.6989735464895275,0.08932416804669555,-0.23580541237714636,-1.3376573426706324,0.18100816249190554,-0.12638015349616805,-0.5514843598986893,0.5813016852145678,,,,,,,,,
sharpe,gpt-4.1-2025-04-14,GPT-4.1,Carhart4,1.2649165146034336,0.0032494661190976665,2.532370066237938,0.011329435029138826,0.02261429759568845,0.010320137817017905,323,0.207544340539277,1.7649941112970131,0.07756475540373484,-0.2905102838634818,-1.3074047955215662,0.19107526953354648,-0.165119617905795,-0.800920082722549,0.4231779129999299,-0.1376282162467148,-0.609352102990082,0.5422910783598633,,,,,,
sharpe,gpt-4.1-2025-04-14,GPT-4.1,FF5,1.1011339232176307,0.002950682665787536,2.3561049402806375,0.01846769972656359,0.10201660897029952,0.08785283308655034,323,0.22561840306693526,2.498977549356535,0.012455220139035869,-0.17626328902025343,-0.9507013382806117,0.34175600865325195,-0.0010446508487769025,-0.006300034584712369,0.9949733329241237,,,,0.0074627143348654735,0.02232775356187159,0.9821865102568228,-1.3245494093322758,-4.842569364122965,1.2817087044713412e-06
sharpe,gpt-4.1-2025-04-14,GPT-4.1,FF6,1.1182765936915535,0.0029830230459369643,2.4674282519712674,0.013608749077164396,0.13079788565984074,0.11429404804578702,323,0.2327064937277093,2.24451449327166,0.02479931747291472,-0.42249978084018225,-1.8527818555147875,0.0639136319288546,-0.047122614667236884,-0.325991902934612,0.7444304813227303,-0.4776899044437135,-2.5272429114829182,0.011496195801087121,-0.215615388847045,-0.7257294994034558,0.4680046138140339,-1.604131648054757,-5.8882310786774275,3.9035107747073565e-09
sharpe,gpt-4.1-mini-2025-04-14,GPT-4.1 mini,CAPM,1.049977645741424,0.0028525882445584357,2.268244942437444,0.023314281609915458,0.12145225856275199,0.11871534971092268,323,0.7361870727952746,4.557814376835649,5.1688687722678e-06,,,,,,,,,,,,,,,
sharpe,gpt-4.1-mini-2025-04-14,GPT-4.1 mini,FF3,1.124537762962675,0.002994770055188223,2.500267335153863,0.012409961920932607,0.15470292277735043,0.14675342048372053,323,0.6448702940534761,3.6183879839772635,0.00029644375688165037,-0.18569438676000957,-0.8523959069685254,0.39399439112163803,-0.5345256351315092,-2.5627802139428892,0.010383775814026327,,,,,,,,,
sharpe,gpt-4.1-mini-2025-04-14,GPT-4.1 mini,Carhart4,1.0666771410474563,0.0028848757746838542,2.397703866101775,0.01649819732589682,0.16511284697289186,0.1546111217775823,323,0.6265282960729605,4.1374743394441635,3.511497052695306e-05,-0.07152943914771982,-0.30726732935716683,0.7586399010052953,-0.45367928992150425,-2.180595070894576,0.029213380034923724,0.2872197241465739,1.6509756144587955,0.09874355434267629,,,,,,
sharpe,gpt-4.1-mini-2025-04-14,GPT-4.1 mini,FF5,1.0040145656813642,0.002762349750697673,2.333467648061106,0.01962361438919995,0.1809582273684185,0.16803958742154823,323,0.6354966225794754,4.045819328886995,5.214043603465789e-05,-0.21035903368902634,-0.8749614652339088,0.38159487320995733,-0.4058980843197737,-1.8576913090806646,0.0632128633965307,,,,-0.19147686820985343,-0.7902331478475629,0.4293916207618299,-0.7886042661030198,-2.6285874366241724,0.008574031044758793
sharpe,gpt-4.1-mini-2025-04-14,GPT-4.1 mini,FF6,0.9995696987825635,0.0027535141612823745,2.3192126478901693,0.020383509014396235,0.1827034669300962,0.16718517832750301,323,0.6335601129116646,4.283555385915176,1.839302855891475e-05,-0.1430857199295875,-0.5538510204396554,0.5796808078196478,-0.3933093031263554,-1.7734466164354428,0.0761547303060241,0.13050779997653544,0.7886766060619642,0.43030104431736715,-0.1305305676948477,-0.5771125288788665,0.563863441215233,-0.7122206905893681,-2.3986584169286984,0.016455256916545036
sharpe,gemini-2.5-flash,Gemini 2.5 Flash,CAPM,0.19788489971327783,0.000716754436435006,0.5046691686826666,0.6137912193083489,0.0012627858797416014,-0.0013313367543368315,387,-0.08339534232326272,-0.3191085864394285,0.7496441727538281,,,,,,,,,,,,,,,
sharpe,gemini-2.5-flash,Gemini 2.5 Flash,FF3,0.2214571006468773,0.0007941425090599507,0.5630692202476026,0.5733877497769938,0.013587959744379874,0.005861494677103507,387,-0.11081000976659217,-0.4121485560511564,0.6802305408324854,-0.23423925959147676,-1.1625148882033667,0.24502638068607974,-0.25268983426539876,-1.0355381198252234,0.30041767365019423,,,,,,,,,
sharpe,gemini-2.5-flash,Gemini 2.5 Flash,Carhart4,0.22062076751931103,0.0007914223554581802,0.5618969333784682,0.5741862431844273,0.013592557168148667,0.0032636834212184107,387,-0.11143440309890404,-0.41371351391247785,0.6790839289085304,-0.23172920628071833,-0.9070423375650122,0.3643844089030104,-0.25087181794825597,-1.0925027976261439,0.2746121614725303,0.006895124972866732,0.02374189971239063,0.9810584842773934,,,,,,
sharpe,gemini-2.5-flash,Gemini 2.5 Flash,FF5,0.23589328925311182,0.000840805738468542,0.6104955506873916,0.5415335898648541,0.02158574466323493,0.00874566257220133,387,-0.05473290360380274,-0.20137014723299607,0.8404091561344837,-0.13066550364505905,-0.5435842238902133,0.5867276184068999,-0.3074610823975831,-1.2078135386364293,0.2271189926516365,,,,0.3046919889491744,0.6979461457878676,0.48521087412831065,-0.4129719494760431,-1.089135603384603,0.27609409148584585
sharpe,gemini-2.5-flash,Gemini 2.5 Flash,FF6,0.23679116309584924,0.0008436900470708322,0.6098060547108323,0.5419902902190832,0.021604470251149532,0.006156119781430824,387,-0.05398214123785864,-0.19658631026905835,0.8441512843846604,-0.13806577631407557,-0.46753858413459864,0.6401145935550397,-0.30925338520145235,-1.2380298310466968,0.21570499991001257,-0.015052255761023429,-0.04868814336378318,0.9611678248953281,0.2977634816295599,0.7271544574476104,0.4671313416338375,-0.4197271193489134,-0.9592859478229613,0.33741471248425936
sharpe,gemini-2.5-pro,Gemini 2.5 Pro,CAPM,0.4256199674241319,0.0014081603055950314,0.9977231053052737,0.31841364601629885,0.004518481175766809,0.0019328148931065936,387,-0.15875923775712567,-0.6649580256969986,0.5060773404406921,,,,,,,,,,,,,,,
sharpe,gemini-2.5-pro,Gemini 2.5 Pro,FF3,0.42819554833880225,0.0014153331524370991,1.0188216515038904,0.3082876447528238,0.037076739231514,0.029534259382152594,387,-0.08906772052239119,-0.4118519891292889,0.6804479126715347,-0.6406716308304635,-3.1695181388621583,0.0015269192727349864,-0.061318828202266674,-0.2970335657119695,0.7664408832189112,,,,,,,,,
sharpe,gemini-2.5-pro,Gemini 2.5 Pro,Carhart4,0.46579186459331634,0.0015185948290420855,1.1185420629108869,0.26333555220766924,0.04361819434561054,0.03360372517645471,387,-0.06536468319656431,-0.33953823970590735,0.7342042950354983,-0.7359575415470906,-3.037965746030312,0.002381810269265134,-0.13033383267812368,-0.6908841296664952,0.48963836026716323,-0.2617507204840817,-1.0593060976047353,0.2894603988749206,,,,,,
sharpe,gemini-2.5-pro,Gemini 2.5 Pro,FF5,0.3798143812607726,0.001278391779517237,0.9778384772394016,0.3281542173601244,0.06655839791679741,0.05430850812567933,387,-0.05850522147039268,-0.2604444417211853,0.7945209658538224,-0.6346279175905597,-2.469664869635072,0.013523968312962924,0.009561463022176662,0.04701475380329939,0.9625014686971788,,,,-0.06378266613205363,-0.16161367757944653,0.8716100857644425,-0.9439365624022347,-2.836386055082354,0.004562725619844241
sharpe,gemini-2.5-pro,Gemini 2.5 Pro,FF6,0.4133730744191779,0.0013738758359197875,1.0724138692926724,0.28353418119147034,0.08682038687092841,0.07240176140046939,387,-0.033651488399339305,-0.17542670191540383,0.860744360807757,-0.8796114302330416,-3.0093162849504194,0.0026183637941854347,-0.049772112407981066,-0.2654609944484956,0.7906543541476816,-0.49829981332545425,-2.096182589400804,0.03606599680852132,-0.2931485471535522,-0.7984209397535613,0.42462625571980717,-1.1675641661364997,-3.619182149681806,0.00029553556679827556
sharpe,gemini-3-flash-preview,Gemini 3 Flash,CAPM,1.3340952753828441,0.0033692519173405934,3.127551613655854,0.0017626886729691408,0.0023428167074402984,-0.00024850065176096336,387,-0.09355689145501848,-0.6286998057814945,0.5295456053000356,,,,,,,,,,,,,,,
sharpe,gemini-3-flash-preview,Gemini 3 Flash,FF3,1.3302223198649652,0.003362639758061175,3.199176596325611,0.0013782071863724548,0.04537565789982079,0.037898182635328626,387,-0.01638750905503311,-0.12668851525105324,0.8991869360930536,-0.6211795949592935,-4.565124186056424,4.991987368087053e-06,-0.017668878421840322,-0.1094335931034526,0.9128585902971249,,,,,,,,,
sharpe,gemini-3-flash-preview,Gemini 3 Flash,Carhart4,1.3071154400036495,0.0033229612836813056,3.153405339759007,0.0016137755695815128,0.04681770096588056,0.036836734483847944,387,-0.02549544135073943,-0.19606698515182952,0.8445577367246857,-0.5845658221498448,-3.6154487276455733,0.0002998278152169006,0.008850254105914812,0.05994677427617319,0.952198026369122,0.10057815830731832,0.5226232892356014,0.6012364303723474,,,,,,
sharpe,gemini-3-flash-preview,Gemini 3 Flash,FF5,1.3072467907183145,0.003323187952098366,3.381812013304045,0.000720094043000905,0.10376394072576889,0.09200231265130399,387,0.06513378320595489,0.5305933726504627,0.5957005892088991,-0.503915646065057,-2.61987581484874,0.008796179238465412,-0.03073392004144899,-0.1867305536916526,0.8518718990443904,,,,0.29107369747193723,0.9140150602649183,0.3607089322525634,-1.075339691517861,-3.86553598778625,0.00011084550227194131
sharpe,gemini-3-flash-preview,Gemini 3 Flash,FF6,1.3110805883665986,0.0033297981780651496,3.3764006300006497,0.0007344089526293614,0.10390892645029504,0.089760120025826,387,0.06685437193988082,0.5591588794787719,0.5760532939938231,-0.5208755076136277,-2.4336904005573063,0.014945772600810477,-0.03484149941943615,-0.2137875789890473,0.830712711560989,-0.03449659020936415,-0.18865532561191367,0.850362967737661,0.27519502243731375,0.8959439170028621,0.37028271709835947,-1.0908211137444537,-3.76746059613307,0.00016491656101596562
sharpe,gemini-3-pro-preview,Gemini 3 Pro,CAPM,2.2684560133993457,0.004710734223269684,4.405165590391936,1.0570310112598887e-05,0.0011014698623272867,-0.0014930717743937283,387,-0.0667428173325551,-0.30107279950728927,0.763358982125503,,,,,,,,,,,,,,,
sharpe,gemini-3-pro-preview,Gemini 3 Pro,FF3,2.3414617809504095,0.004798812398068562,4.631880693363667,3.6235895769372566e-06,0.017815233156538213,0.010121879891445862,387,-0.1057559483064084,-0.46648208570944116,0.6408704675061643,-0.1996593803714067,-1.2755780409104627,0.202104720664133,-0.283497054183174,-1.4377473361716362,0.15050575682700135,,,,,,,,,
sharpe,gemini-3-pro-preview,Gemini 3 Pro,Carhart4,2.2910854037615427,0.004738243396688146,4.616546419063293,3.901787793103214e-06,0.020919406246092453,0.010667253431915547,387,-0.11965916339753477,-0.5564973476112448,0.5778709071522922,-0.14376863128147457,-0.700109459285394,0.4838589488802534,-0.24301572520609185,-1.4107919911607547,0.15830595667702685,0.1535320776456852,0.6233567409100801,0.533050118623605,,,,,,
sharpe,gemini-3-pro-preview,Gemini 3 Pro,FF5,2.2352692626382393,0.004670046066302373,4.653179705673864,3.2685515027346532e-06,0.0292696873371161,0.01653044438878437,387,-0.11783935084441946,-0.5366943323444958,0.5914787716218465,-0.2588283864063714,-1.3637875406933588,0.1726344427298495,-0.1980503224942254,-0.9656214817913594,0.33423362203562246,,,,-0.23369279041034616,-0.6164550478196039,0.5375942315066462,-0.43657601496840237,-1.4049185508812214,0.16004549955921277
sharpe,gemini-3-pro-preview,Gemini 3 Pro,FF6,2.2269717862941008,0.004659808097446411,4.636736701009637,3.539528183825532e-06,0.029590977214403402,0.01426872948620972,387,-0.12050421191887205,-0.5551764177988205,0.5787739973615915,-0.23256082230011807,-0.9454578567524777,0.3444251765144013,-0.19168847193761465,-0.9803617477869048,0.3269075847334324,0.053428584436056324,0.2074781600663714,0.8356364473218736,-0.20909977629877308,-0.5677323652529909,0.5702167113393599,-0.41259826906355845,-1.174641706599612,0.24013809011845366
sharpe,claude-haiku-4-5-20251001,Claude Haiku 4.5,CAPM,0.9948590979191256,0.002744128963272645,2.54238143833982,0.01100999471694983,0.16079471664932043,0.15752932644173023,259,0.6022712351743079,5.932628571450832,2.981227651739369e-09,,,,,,,,,,,,,,,
sharpe,claude-haiku-4-5-20251001,Claude Haiku 4.5,FF3,1.034111302877693,0.0028216679454081076,2.716828180710883,0.0065910814547135875,0.2119786463555049,0.20270780690086376,259,0.5702622322772946,6.872860236208209,6.2927213483535994e-12,-0.4455530684150793,-2.994660266308038,0.00274750674121261,-0.3233433181811509,-1.5346207270282917,0.12487701831758506,,,,,,,,,
sharpe,claude-haiku-4-5-20251001,Claude Haiku 4.5,Carhart4,0.9668718062619108,0.002687909003177903,2.659306963155464,0.007830158619910143,0.24659781098608846,0.23473320958429456,259,0.5755064127464969,5.231020623685671,1.6857669886074424e-07,-0.2560052786932576,-1.6480549975198469,0.0993413859014927,-0.17144616800204837,-0.9074362522634949,0.3641761459534997,0.3883460419010088,2.4982262045466466,0.012481651937739003,,,,,,
sharpe,claude-haiku-4-5-20251001,Claude Haiku 4.5,FF5,0.7698178049530839,0.0022679512776876,2.3378035908849535,0.019397439256980648,0.32273006150965855,0.3093452801165687,259,0.5368394883478435,4.92622851030174,8.383195334862792e-07,-0.5363692617945489,-3.7270493014985195,0.00019373457328071976,0.04939625492686826,0.320101445765091,0.7488914297182641,,,,-0.7064269537655565,-4.243920469470782,2.1964822482588738e-05,-0.9665290163168401,-3.5470536523512983,0.00038956524755734753
sharpe,claude-haiku-4-5-20251001,Claude Haiku 4.5,FF6,0.7696357494737869,0.0022675421293916476,2.340862259707591,0.019239263595322725,0.32523677196923184,0.3091709808256422,259,0.5410474274585728,4.669719634980333,3.016110800833538e-06,-0.47299164387083037,-3.0222650088900065,0.00250890796171666,0.06811040593337972,0.42590589947144536,0.6701764159568617,0.11531973610044073,0.8373784110818251,0.4023798969292288,-0.6550000507964435,-3.8700261030016594,0.00010882370084917742,-0.9003454949779046,-3.286351880338438,0.0010149413602759602
sharpe,claude-sonnet-4-20250514,Claude Sonnet 4,CAPM,1.6650155542930452,0.003897296587951975,3.4562655196479284,0.0005477155063035602,0.0004237668862400179,-0.00217253501795156,387,-0.040788880924997425,-0.33383764356475004,0.7385020759252281,,,,,,,,,,,,,,,
sharpe,claude-sonnet-4-20250514,Claude Sonnet 4,FF3,1.6430288961064292,0.0038642947020445994,3.4356065772290014,0.0005912288630635944,0.008606882533706006,0.0008414011958499668,387,0.018117681593134833,0.15165404176725655,0.8794598071474575,-0.3047008603641589,-2.1039096603865604,0.035386328143215,0.08298634615101015,0.47612134925411276,0.6339879280467933,,,,,,,,,
sharpe,claude-sonnet-4-20250514,Claude Sonnet 4,Carhart4,1.6056411413005884,0.003807542901292484,3.3605756881449844,0.000777802161039186,0.011414153174517994,0.0010624689145654065,387,0.005090679749246594,0.046576855921003725,0.9628504783057188,-0.2523324774628876,-1.5136503502866259,0.13011454368307887,0.12091644676234774,0.7372004310287033,0.46100047137435607,0.1438561257577645,0.7952476852864682,0.42646943829959727,,,,,,
sharpe,claude-sonnet-4-20250514,Claude Sonnet 4,FF5,1.5870398433165502,0.0037790046602718848,3.659614640823397,0.00025259482054845115,0.06409193105735733,0.051809672934750584,387,0.08282859464029454,0.8127624824145906,0.4163542497168361,-0.22837251303892755,-1.2189182244483876,0.22287523185251024,0.10609885539582768,0.6228217793953958,0.5334016445037064,,,,0.1546512836762218,0.46578907523248514,0.6413664856762742,-1.0925487039538435,-3.840513379339114,0.00012277728021979606
sharpe,claude-sonnet-4-20250514,Claude Sonnet 4,FF6,1.5885495653972095,0.003781328495167752,3.6338731011313787,0.0002791982208977389,0.06410898245021734,0.049331755857325965,387,0.08343347020149186,0.8268141388832084,0.4083424149120355,-0.23433477791358284,-1.0614767266935903,0.2884733041518459,0.10465482967810041,0.6332342982832381,0.5265806510817099,-0.012127328251567945,-0.06396928424719328,0.948994684318109,0.1490691115491754,0.43067672436666427,0.6667034451326674,-1.097991221257831,-3.5010319082934065,0.0004634603498766645
sharpe,claude-opus-4-20250514,Claude Opus 4,CAPM,0.659589551015612,0.002012221462079418,1.6840404640910154,0.09217384891761314,0.003055965170400299,0.000466500144868931,387,-0.1077308550866518,-0.685965878668508,0.4927346254426138,,,,,,,,,,,,,,,
sharpe,claude-opus-4-20250514,Claude Opus 4,FF3,0.5733372782348123,0.0018000269096652608,1.5070835390746826,0.13178924554143848,0.04629521158487193,0.03882493909075868,387,0.10626706917908847,0.9108487556415362,0.36237506922717244,-0.5473462041950565,-3.4810856707112197,0.0004993857356425484,0.620025729285644,2.3994666144621646,0.01641897698274942,,,,,,,,,
sharpe,claude-opus-4-20250514,Claude Opus 4,Carhart4,0.5970598094134394,0.0018595216893332763,1.574435875538791,0.11538671534155673,0.04948460036024327,0.03953155952631926,387,0.11992370375571317,1.1215488070946713,0.26205432845008636,-0.6022457027306282,-3.2175329736445946,0.0012929816391109028,0.5802623570445716,2.5454613060063327,0.010913345824556742,-0.1508091090049603,-0.7380767087819342,0.46046783636004796,,,,,,
sharpe,claude-opus-4-20250514,Claude Opus 4,FF5,0.5770685024859918,0.0018094435849273212,1.55048105602765,0.12102609693795692,0.0692948231585192,0.05708084445981221,387,0.16925725033574368,1.4614772823331215,0.14388450555655208,-0.44435211783424317,-2.370732803175244,0.01775285985909199,0.5851776402815534,2.109274536508907,0.03492089139872604,,,,0.2813877669570562,1.1067497155577568,0.2684021542307248,-0.6542491677153975,-1.7755579547791145,0.07580580524399509
sharpe,claude-opus-4-20250514,Claude Opus 4,FF6,0.5961825016844191,0.0018573371699491122,1.609042240215236,0.10760710564352226,0.07678218403586679,0.062205060625906694,387,0.18172356589455346,1.7870427194858607,0.07393058429260493,-0.56723272359981,-2.3241169953651926,0.020119224400428733,0.5554166755029369,2.261799504508666,0.02370979348890356,-0.24994083174755904,-0.9583060150951012,0.3379084715620094,0.16634076604722026,0.575104319841979,0.5652207465669485,-0.7664179219158935,-1.7466790295257093,0.08069302995063915
sortino,gpt-4o-2024-05-13,GPT-4o,CAPM,-0.44638100814803017,-0.0023435930161360597,-2.779005468551425,0.005452560715985001,0.007244984564316992,0.005820658860678951,699,0.1685477668754472,1.1236379223520463,0.26116666142855527,,,,,,,,,,,,,,,
sortino,gpt-4o-2024-05-13,GPT-4o,FF3,-0.4591899149779747,-0.0024362620327555624,-2.925068198329085,0.00344380741744071,0.012876578183819265,0.008615613773102049,699,0.23420150202277742,1.6837707220237117,0.09222598753161317,-0.2029670491037483,-2.125898617575541,0.033511702031990484,0.1838399520804487,1.3508506199068153,0.17674328900795933,,,,,,,,,
sortino,gpt-4o-2024-05-13,GPT-4o,Carhart4,-0.4522728835082789,-0.0023859509827505554,-2.9001946004283075,0.003729310523656274,0.01705071210557163,0.011385298342491246,699,0.2477946679665779,1.904114082898696,0.056895327980942045,-0.26654375211251563,-2.3227044134069468,0.020195037026320944,0.12900894539959082,0.9632660179713873,0.3354140421651679,-0.16618129553481956,-1.0663799214336058,0.28625193437861873,,,,,,
sortino,gpt-4o-2024-05-13,GPT-4o,FF5,-0.4484206651352456,-0.00235820552145051,-2.930017123310914,0.003389433258903136,0.020841286188990393,0.01377664900420672,699,0.2752825759636424,2.002888899227739,0.04518921486133685,-0.09215659912497957,-0.8182200119655499,0.4132315701502054,0.06452644752064368,0.4572414588451943,0.6474975020513567,,,,0.34104624375935166,1.563341780588188,0.11797222602458618,0.1783038013107547,0.7623068793904827,0.4458768689893293
sortino,gpt-4o-2024-05-13,GPT-4o,FF6,-0.44521191327633647,-0.0023352415467307822,-2.912711047778177,0.0035830598492691016,0.0231983277267096,0.01472894906538047,699,0.28225639138495034,2.160460935345071,0.03073700461024902,-0.1461803294462408,-1.2093857841632254,0.22651466756723027,0.03490610490873884,0.24060602642435613,0.8098604789751416,-0.1292573640177131,-0.8531767536726733,0.3935612926034059,0.31949502171060407,1.4937004531320204,0.13525393005865305,0.12676177262898305,0.5545712687420156,0.5791879456042974
sortino,gpt-4o-mini-2024-07-18,GPT-4o mini,CAPM,-0.4049783540977334,-0.0020580281374445015,-3.9405592571288364,8.129186589652984e-05,0.01922587898687067,0.017818742514828845,699,-0.20585194865516718,-2.4118221693147843,0.01587302138293223,,,,,,,,,,,,,,,
sortino,gpt-4o-mini-2024-07-18,GPT-4o mini,FF3,-0.41357951694872974,-0.002115688130664268,-4.064884468079204,4.805626073668597e-05,0.02939242850898327,0.025202755538518473,699,-0.1554654334379682,-1.8280941612746553,0.06753542108972105,-0.06300791723770421,-0.7609724785146839,0.44667350573980824,0.22955562972504792,2.131437651422898,0.03305310379921583,,,,,,,,,
sortino,gpt-4o-mini-2024-07-18,GPT-4o mini,Carhart4,-0.40391858943951686,-0.002050981263793217,-4.018120958987134,5.8664082608433975e-05,0.04167601363954887,0.036152532450151376,699,-0.13798276951037372,-1.5649403904192545,0.11759688695287154,-0.14477622176088345,-1.6925117672764265,0.0905484383932121,0.15903548257343209,1.4057484627772856,0.1597988306254391,-0.21373179382192437,-1.923322259459252,0.054439590770112734,,,,,,
sortino,gpt-4o-mini-2024-07-18,GPT-4o mini,FF5,-0.4025071734515685,-0.002041615447236842,-4.013405618248012,5.9848939173688425e-05,0.03710391129751178,0.030156609070221108,699,-0.12954930670175566,-1.5056441955315734,0.13215853660466356,-0.00676845743117529,-0.07372078623049201,0.9412325587720843,0.1474338929657151,1.3532898521124577,0.1759630498464183,,,,0.19298747901370908,1.681711522107428,0.09262479267102909,0.20808251415773102,1.088374435792474,0.2764298420330823
sortino,gpt-4o-mini-2024-07-18,GPT-4o mini,FF6,-0.39752691153108477,-0.0020087427903987707,-3.9983310514467467,6.379068938185241e-05,0.04569656894211116,0.03742226173640695,699,-0.11956637282401712,-1.3199798032811874,0.18684176123781204,-0.08410278520504696,-0.9174412500266435,0.3589114654740211,0.10503272461429625,0.8964958360842243,0.36998800319840175,-0.18503038010684297,-1.6948053680883843,0.09011234882516664,0.1621371608306744,1.4536667705793118,0.1460387151680765,0.13430071278075797,0.7296258523916955,0.46561891536038613
sortino,gpt-4.1-2025-04-14,GPT-4.1,CAPM,0.5318079490240051,0.001693689435681834,1.2419398253062925,0.21425876479319983,0.023526664395301045,0.020484691387186782,323,0.3025349771018839,2.3966660160015656,0.01654499659946454,,,,,,,,,,,,,,,
sortino,gpt-4.1-2025-04-14,GPT-4.1,FF3,0.5850174698831301,0.0018294310107708942,1.357266394064938,0.17469658125747867,0.039325455716825,0.030290898874036576,323,0.20973317250541346,1.7715327995072223,0.07647214338391438,0.040937144221758044,0.21452864483454553,0.8301348315470725,-0.4107891794529919,-1.9225536752642398,0.05453612654029902,,,,,,,,,
sortino,gpt-4.1-2025-04-14,GPT-4.1,Carhart4,0.5974761007591693,0.0018605578476566709,1.3982756740408155,0.1620302998831702,0.04028341559163473,0.028211508869516955,323,0.21492842358377978,1.7695131201985557,0.07680828322067065,0.008600668783013202,0.03984559065726375,0.9682162289833752,-0.43368837847048575,-2.3046451452332444,0.02118645539349885,-0.08135311012387285,-0.3926903040576024,0.6945482328200603,,,,,,
sortino,gpt-4.1-2025-04-14,GPT-4.1,FF5,0.4840248870617987,0.001567727263674618,1.2042313896865442,0.22850015673737234,0.0790730539369967,0.06454739232717022,323,0.20088269048804042,2.1004688554554933,0.03568761752692341,0.017133022437519095,0.07945713234546864,0.9366690271956832,-0.2664592354662267,-1.2348892553413164,0.2168717228261383,,,,-0.20586314679686685,-0.7737356549866826,0.43908713046496983,-0.9106359940717804,-2.7958394106228037,0.005176511508153696
sortino,gpt-4.1-2025-04-14,GPT-4.1,FF6,0.4930220118464672,0.0015917506582910665,1.2373731113267559,0.21594859649397946,0.09387206513566204,0.07666710434709856,323,0.20614793468843648,1.8010086704254726,0.07170151337111096,-0.16577875487024982,-0.6640862133304452,0.5066351334992492,-0.3006873151243837,-1.5718404280295373,0.11598756302885839,-0.3548422444536568,-1.7696633978341454,0.07678323076550453,-0.37157218541202314,-1.3521690159318875,0.17632125307591306,-1.1183179822712037,-3.187332023005729,0.0014359183688392582
sortino,gpt-4.1-mini-2025-04-14,GPT-4.1 mini,CAPM,0.5182469823785782,0.0016583432480383805,1.4141693830347222,0.15731217521010943,6.260682637637682e-05,-0.0030524629342889575,323,0.014415988091271153,0.06463271905953308,0.9484664331221679,,,,,,,,,,,,,,,
sortino,gpt-4.1-mini-2025-04-14,GPT-4.1 mini,FF3,0.5204902322660654,0.0016642118537081344,1.4573157541833077,0.14502924003597484,0.006984016559968276,-0.002354691748245097,323,0.015503644585734172,0.05833928970956205,0.9534783721300356,-0.19620679089702678,-0.6343093857441098,0.5258789324312444,-0.10805198893994328,-0.39550242539611596,0.6924721320181559,,,,,,,,,
sortino,gpt-4.1-mini-2025-04-14,GPT-4.1 mini,Carhart4,0.4374023590381739,0.0014408686712218633,1.25357840526947,0.20999528438409265,0.06478649041309426,0.053022798468604915,323,-0.021773638484123486,-0.10948217692611874,0.9128200575389384,0.03581586406781477,0.11102957686014352,0.9115928927854926,0.056255743443320794,0.22321163506575614,0.8233707968995485,0.5837298080412173,3.064082871721874,0.0021833841890434467,,,,,,
sortino,gpt-4.1-mini-2025-04-14,GPT-4.1 mini,FF5,0.3835499833754372,0.001289134378225285,1.1709436773146995,0.24162141715753782,0.0928714840686018,0.07856346331258612,323,-0.0037110970717387976,-0.017018714052075615,0.9864216862791273,-0.2455279885455954,-0.6641123504761194,0.5066184060300948,0.10073429361006615,0.3837602534654461,0.7011561496651835,,,,-0.3323616457901435,-1.0341348537005655,0.3010731243699136,-1.2182600584070387,-3.751476118542825,0.0001757965004692866
sortino,gpt-4.1-mini-2025-04-14,GPT-4.1 mini,FF6,0.3749335620716798,0.001264312107059996,1.1510103899351378,0.24972796115854456,0.11138848576203941,0.09451611523853376,323,-0.009151432269251369,-0.049512912458313844,0.9605105471678032,-0.056533643315999735,-0.1404139357955835,0.8883329477605657,0.13610059751173403,0.5132848038620733,0.6077521122308517,0.3666422066277291,1.636573632507001,0.10171958876233332,-0.16114210097645684,-0.4699351260376152,0.6384013675163214,-1.0036717910278012,-2.5620888208323898,0.01040447060434442
sortino,gemini-2.5-flash,Gemini 2.5 Flash,CAPM,0.4233670133564047,0.0014018753649347108,1.0130687624971204,0.31102731762747204,0.048821566139148675,0.04635097280444522,387,-0.5476195024752505,-3.2217335184626723,0.0012741758279182346,,,,,,,,,,,,,,,
sortino,gemini-2.5-flash,Gemini 2.5 Flash,FF3,0.4020320218370672,0.0013418623040113843,0.9852411562661793,0.3245056290689723,0.06667302726629676,0.059362372127390484,387,-0.43952331384286836,-2.82891431338991,0.004670620223853555,-0.5624551751129061,-3.21901409905847,0.0012863216042570999,0.15039633222958806,0.6488286462619277,0.5164491393146622,,,,,,,,,
sortino,gemini-2.5-flash,Gemini 2.5 Flash,Carhart4,0.4235242053262711,0.0014023141960711003,1.0534703114335653,0.2921254940846094,0.06870892165282205,0.05895718261253757,387,-0.4256469804245075,-3.0673576979160653,0.0021596025920948055,-0.6182378602177994,-2.7739687901908012,0.005537699053799209,0.10999327333834574,0.4988204978408733,0.6179058458347119,-0.1532352255116196,-0.6066674932965691,0.5440715990651791,,,,,,
sortino,gemini-2.5-flash,Gemini 2.5 Flash,FF5,0.3835802423713093,0.0012892212770476855,0.9981456665882031,0.31820872868975814,0.10629124451853889,0.09456278316051459,387,-0.35729432341124884,-2.148615639781705,0.031664880878320374,-0.44816120045801655,-2.012992516678408,0.044115416618263396,0.14518756840593,0.5978990464886164,0.5499072961522672,,,,0.27541575449554956,0.7458689243777008,0.455746599014361,-1.1415502954580676,-3.2273701712206395,0.0012493372135327545
sortino,gemini-2.5-flash,Gemini 2.5 Flash,FF6,0.406926655329237,0.0013557104010296743,1.0678607979232821,0.2855833081895488,0.1152132195207266,0.1012429019342117,387,-0.3399877383975931,-2.1832623292956574,0.02901649701521122,-0.6187523939970272,-2.270720800911692,0.02316388499137044,0.10387137802074735,0.4478187382531365,0.654284018832706,-0.3469848194213333,-1.431760104656907,0.15221248848415853,0.11569970267419516,0.32003439949985774,0.748942253775829,-1.2972705699280065,-3.7979757303653097,0.0001458826032560853
sortino,gemini-2.5-pro,Gemini 2.5 Pro,CAPM,0.7600933538358796,0.002246037816863412,1.866757737600145,0.0619354267754434,0.06715552890476995,0.06473255625257468,387,-0.5656463184221161,-3.625087065080022,0.0002888641176509155,,,,,,,,,,,,,,,
sortino,gemini-2.5-pro,Gemini 2.5 Pro,FF3,0.7376073053997192,0.002194901527647725,1.840857699185798,0.0656424147176155,0.07988794291534007,0.07268079886506862,387,-0.48032862478372806,-3.3478648468009986,0.0008143671577640514,-0.4210804296468081,-2.634441350484299,0.008427586201970622,0.13171284946023695,0.5416242258843877,0.5880773993538807,,,,,,,,,
sortino,gemini-2.5-pro,Gemini 2.5 Pro,Carhart4,0.7947173713067806,0.0023235188316377393,1.9771883593886228,0.04802034291493915,0.0917694683550806,0.08225920100801343,387,-0.450805370296131,-3.2290888805460267,0.0012418529264517357,-0.5397635398532877,-2.8498530315092885,0.004373943493255712,0.045751395972449024,0.2119805017577731,0.8321222459945248,-0.32602290697754854,-1.4964993935058513,0.13452356583454095,,,,,,
sortino,gemini-2.5-pro,Gemini 2.5 Pro,FF5,0.7869329346523506,0.0023062294953522335,2.094595754860609,0.036206942911279634,0.14983858510930004,0.1386816111606033,387,-0.3304668387791527,-2.3177928380325747,0.02046058253418995,-0.14843971469536799,-0.7136800052455161,0.4754250730469882,-0.006361124204899402,-0.026943850542836642,0.9785045185244116,,,,0.7953321713530049,2.2314468518595523,0.02565154432964332,-1.1628544026471803,-3.5638615020241464,0.00036543882339574123
sortino,gemini-2.5-pro,Gemini 2.5 Pro,FF6,0.8268004566644063,0.002393996171737785,2.203935598744117,0.027528873556053268,0.16988132244640175,0.15677418543239752,387,-0.3076218777499708,-2.0918965200609,0.03644777346323323,-0.3736227398413089,-1.5971166841903408,0.11023969980011654,-0.06089913724901111,-0.28544309501245424,0.7753046951376692,-0.45802535111020426,-2.1918451566647428,0.028390689246481228,0.5845045021903876,1.732384222116828,0.08320517530542712,-1.3684075836422982,-4.017221925522906,5.88882611477576e-05
sortino,gemini-3-flash-preview,Gemini 3 Flash,CAPM,1.2969489413025959,0.0033053781155839837,2.823389415389447,0.0047518815669173415,0.057487337953366136,0.055039253116881515,387,-0.5185180124534665,-4.031856600465133,5.5337950499493656e-05,,,,,,,,,,,,,,,
sortino,gemini-3-flash-preview,Gemini 3 Flash,FF3,1.2497274366953164,0.0032226780051825402,2.7500921069765556,0.005957851521151567,0.07404377591937139,0.06679085510411853,387,-0.40428396395727584,-3.109165871704297,0.0018761635705268113,-0.47751307253331304,-3.2526694011207415,0.0011432642654291834,0.22547110405573761,1.237785337378452,0.21579566663918115,,,,,,,,,
sortino,gemini-3-flash-preview,Gemini 3 Flash,Carhart4,1.248735810420798,0.0032209228712129227,2.779371764147846,0.0054464153109717,0.07404602988142861,0.06435017679118193,387,-0.40468684339290306,-3.175101107273556,0.0014978430098348248,-0.4758935022898452,-2.6515337136187225,0.008012711314190495,0.22664414891369442,1.3827241693659569,0.1667494580795379,0.004448964961495534,0.02158605788346566,0.9827781551390008,,,,,,
sortino,gemini-3-flash-preview,Gemini 3 Flash,FF5,1.2295285472694792,0.0031867739438391084,2.886657740195167,0.0038935752091179823,0.1252497312320182,0.11377006891222852,387,-0.316977601099357,-2.572291259235903,0.010102785862064076,-0.34995721646705763,-1.8966046523589104,0.05788013611555808,0.20754119501445475,1.2314872215076378,0.21814069304713624,,,,0.32071429296987236,1.0488919383785331,0.29422785627941717,-1.1235486269802877,-4.275045632746731,1.9109815006410307e-05
sortino,gemini-3-flash-preview,Gemini 3 Flash,FF6,1.2457658835010048,0.003215661618353248,2.9331583665847623,0.0033553269505079246,0.1274616824920498,0.11368476168929265,387,-0.3094583714135807,-2.33248209286408,0.019675343882466934,-0.42407434388291276,-1.9230606287578036,0.054472436112895956,0.18959045978839492,1.1988973132580207,0.2305678765953677,-0.15075525024999267,-0.7491742298222351,0.4537521993591458,0.25132211206286886,0.8095520465974414,0.4181976781985488,-1.191204753798354,-4.307363853624364,1.6521172138714883e-05
sortino,gemini-3-pro-preview,Gemini 3 Pro,CAPM,1.857654233012969,0.0041753636347266095,4.057880411221062,4.952011295958664e-05,0.06435485540400976,0.061924608275189086,387,-0.4563539892492875,-3.9876787838641925,6.672291939934382e-05,,,,,,,,,,,,,,,
sortino,gemini-3-pro-preview,Gemini 3 Pro,FF3,1.7874909324037094,0.004076308987100726,4.038272943989672,5.384617847230264e-05,0.08397826744857062,0.07680316249385977,387,-0.33760254600154216,-2.709961870527564,0.006729094334578835,-0.4170752752496997,-2.9445360061189385,0.003234393099580558,0.2795419956696005,1.5867197170955671,0.1125761386631098,,,,,,,,,
sortino,gemini-3-pro-preview,Gemini 3 Pro,Carhart4,1.781940683792222,0.004068367603727166,4.034140311187427,5.48025656249436e-05,0.08404495603239592,0.07445380373954147,387,-0.3394254382178012,-2.735242001115277,0.006233442984549392,-0.4097472715606872,-2.430231172154517,0.015089195170092051,0.28484962408593867,1.7687418775069177,0.0769369602666428,0.02013005103150476,0.124636015126781,0.9008117147494253,,,,,,
sortino,gemini-3-pro-preview,Gemini 3 Pro,FF5,1.7815422091378528,0.004067796852882341,4.278336133217333,1.8829553190466652e-05,0.1199207738724779,0.10837117772907223,387,-0.2711652545155568,-2.1366578136187195,0.03262583361080556,-0.3141704196247094,-1.9903690367321334,0.04655029814858288,0.2542290021600261,1.584797181585199,0.11301242297526656,,,,0.2706785701726978,1.052823774614398,0.29242176652871266,-0.7717090554550613,-3.3095303097235953,0.0009345264718187888
sortino,gemini-3-pro-preview,Gemini 3 Pro,FF6,1.7915046571607216,0.004082042081052983,4.292968816741839,1.762997748717141e-05,0.12069813410891628,0.10681442043695177,387,-0.2674573360228695,-2.016807797409051,0.04371557492226117,-0.3507194118559166,-1.769856415540552,0.07675106297957714,0.24537704978145403,1.6047575930773745,0.10854716184841984,-0.07434114977615798,-0.42005021896125405,0.674448767859396,0.23645956615428193,0.8694789936672523,0.3845851928912465,-0.8050719681809276,-3.0661615404408806,0.0021682613515434336
sortino,claude-haiku-4-5-20251001,Claude Haiku 4.5,CAPM,1.2974042122423253,0.0033061671724844794,3.3525936004809216,0.0008005816593253218,0.03648418624080485,0.03273509747131387,259,0.25401987908591617,2.245451157868999,0.024739184392325118,,,,,,,,,,,,,,,
sortino,claude-haiku-4-5-20251001,Claude Haiku 4.5,FF3,1.328922861107682,0.00336041878562699,3.658412220100437,0.00025378263120052775,0.0813788434132856,0.07057153568873609,259,0.23235632880342316,2.2676426851695153,0.023350993799753035,-0.3833512721361704,-2.9496093466842477,0.003181759590188278,-0.2522308959693058,-1.3113068966438066,0.18975409928982423,,,,,,,,,
sortino,claude-haiku-4-5-20251001,Claude Haiku 4.5,Carhart4,1.3045600792329495,0.003318549006608129,3.7102084109264735,0.00020708869554505275,0.08570551560726802,0.07130717727037461,259,0.23399788393027768,2.1423874545291444,0.03216231657941495,-0.32401823662582635,-2.0085720368196647,0.04458253932449723,-0.2046834198487803,-1.16783512046173,0.24287327859834673,0.12156168915622735,0.7649840687839399,0.4442810312476356,,,,,,
sortino,claude-haiku-4-5-20251001,Claude Haiku 4.5,FF5,1.221694131999719,0.0031727607885505995,3.7834856852476686,0.00015464722275187838,0.13556880927630433,0.11848518890627069,259,0.2755204621789047,2.4170276942083384,0.0156478265290688,-0.2878718558396001,-2.0856854402551304,0.03700712615929482,-0.11207881888975411,-0.7605654619836894,0.4469166555442824,,,,0.010567345964314707,0.040767242895864024,0.967481454020593,-0.8050044461598056,-3.338882914956178,0.0008411601045276707
sortino,claude-haiku-4-5-20251001,Claude Haiku 4.5,FF6,1.2217458368952658,0.003172853432605235,3.7735653220947505,0.00016093105740430641,0.13573273967996857,0.11515494776758695,259,0.2745676522957526,2.443929731914419,0.014528255880859339,-0.3022225437034879,-1.9140900473978035,0.055608650993654564,-0.11631629181048558,-0.7961780067690296,0.42592857888982316,-0.026112018588569222,-0.18326981143071946,0.8545863201882529,-0.0010773238180755464,-0.004459322712235536,0.9964419870484531,-0.8199904788884429,-3.3568982813542116,0.0007882210507860174
sortino,claude-sonnet-4-20250514,Claude Sonnet 4,CAPM,0.18556117213965684,0.0006756893875129288,0.5434474560394762,0.5868217589571523,0.008703418766311977,0.00612862245141943,387,-0.1979871722466482,-1.248634976561003,0.21179861339609163,,,,,,,,,,,,,,,
sortino,claude-sonnet-4-20250514,Claude Sonnet 4,FF3,0.16309612683805885,0.0005997254949094567,0.4893291930172234,0.6246086564376747,0.029269235916091096,0.02166560068827983,387,-0.0831906571910522,-0.6222630922453949,0.5337688856672338,-0.5231703509242196,-3.24981979423172,0.0011547815912950022,0.2019286918796918,1.1999709564383658,0.2301506203492918,,,,,,,,,
sortino,claude-sonnet-4-20250514,Claude Sonnet 4,Carhart4,0.17278500876545322,0.0006326654040917467,0.5294258960602833,0.5965100379410412,0.0300936437756969,0.01993755627596605,387,-0.07562951812641942,-0.6233453351092357,0.5330576122096529,-0.5535660344783938,-2.913983557613671,0.00356848701138419,0.17991328350754884,1.1235362258081014,0.26120982418528094,-0.0834970459963595,-0.46360410900981885,0.6429314098941237,,,,,,
sortino,claude-sonnet-4-20250514,Claude Sonnet 4,FF5,0.20627817489125877,0.0007444822704942458,0.6226617051671206,0.533506852850814,0.05073597362816684,0.0382784404736809,387,0.015399943808084843,0.11465627412862603,0.9087175734706829,-0.3216057002117574,-1.5805641242715407,0.1139777341657092,0.06672638924694481,0.37130313377361496,0.7104117641204418,,,,0.6244638509352489,2.0411103358232086,0.041239861264965566,-0.44839432875961954,-1.3889469590155263,0.16484887954812533
sortino,claude-sonnet-4-20250514,Claude Sonnet 4,FF6,0.2103028846310786,0.0007577101164387327,0.6417821278313093,0.5210146554622058,0.05121758853088165,0.03623681361294817,387,0.018843045877650212,0.1494685980071135,0.8811838861548587,-0.35554439412857064,-1.4300152114718738,0.1527126532900931,0.05850663586928379,0.33300290778084074,0.7391320882168819,-0.06903176732524874,-0.35879772279695415,0.7197464163406815,0.5926887394308717,1.8183647525848718,0.06900840190110154,-0.47937449029221973,-1.4929239298765675,0.13545710037393477
sortino,claude-opus-4-20250514,Claude Opus 4,CAPM,1.3989550791303946,0.0034783898075402327,2.6733507812934385,0.00750976778419636,0.0014539617399057514,-0.0011396643334968815,387,0.07770980344378582,0.5841977377666832,0.5590872833719892,,,,,,,,,,,,,,,
sortino,claude-opus-4-20250514,Claude Opus 4,FF3,1.3917459907658447,0.0034664054021887637,2.671301945592114,0.007555764618992591,0.011469303384239127,0.0037262430974316363,387,0.12427008557597749,1.0155215044096253,0.30985730107931,-0.32632140412559507,-2.0198836464458,0.04339545797665505,0.016930748680435877,0.0897385271906169,0.9284949991667557,,,,,,,,,
sortino,claude-opus-4-20250514,Claude Opus 4,Carhart4,1.3832133756426979,0.003452174181568091,2.717924002422155,0.006569292518292521,0.011636169137978825,0.0012868096525127104,387,0.12100340267235474,1.0417550124367037,0.2975252764731259,-0.31318938010625386,-1.620105431041739,0.10520963097376791,0.026442193653314995,0.14748455911098238,0.8827495664976244,0.03607371459878518,0.18118426832077772,0.8562229423016792,,,,,,
sortino,claude-opus-4-20250514,Claude Opus 4,FF5,1.378175067203936,0.0034437471308232095,2.8654400947496868,0.004164300548734953,0.09473757665897897,0.08285749236316509,387,0.2361703860905758,2.2997887303871276,0.021460192236386625,-0.1555819450831478,-0.7832984762240045,0.4334518578356651,-0.020541658090062337,-0.1293873625764045,0.8970511468286191,,,,0.4441248550501576,1.4710616602763924,0.14127444233743153,-1.3366294578485298,-4.7504119486173835,2.0300267396638783e-06
sortino,claude-opus-4-20250514,Claude Opus 4,FF6,1.3933146987836547,0.0034690162859605626,2.922221893807516,0.0034754384218013395,0.09664342652869895,0.08237990168441522,387,0.24274774424202938,2.4264338658925864,0.015248029132314274,-0.2204150347137511,-0.9379106198481469,0.34829034510003887,-0.036243853607119327,-0.2366752624912071,0.8129087274455155,-0.13187139049389288,-0.7164124500174026,0.47373670962431824,0.38342485707041435,1.2138307737936251,0.22481235228043706,-1.3958108628353196,-4.671686752796292,2.987363098862545e-06
